date,BAA10Y,DGS10,DTWEXBGS,IHSG,SP500,VIXCLS
2021-02-01,2.19,1.09,112.4282,6067.544922,3773.86,30.24
2021-02-02,2.18,1.12,112.2937,6043.84082,3826.31,25.56
2021-02-03,2.17,1.15,112.2648,6077.745117,3830.17,22.91
2021-02-04,2.19,1.15,112.756,6107.21582,3871.74,21.77
2021-02-05,2.18,1.19,112.2463,6151.729004,3886.83,20.87
2021-02-08,2.14,1.19,112.0512,6208.866211,3915.59,21.24
2021-02-09,2.15,1.18,111.7768,6181.671875,3911.23,21.63
2021-02-10,2.16,1.15,111.5929,6201.828125,3909.88,21.99
2021-02-11,2.18,1.16,111.5364,6222.520996,3916.38,21.25
2021-02-16,2.15,1.3,111.7984,6292.395996,3932.59,21.46
2021-02-17,2.13,1.29,112.03,6227.728027,3931.33,21.5
2021-02-18,2.13,1.29,112.1718,6200.308105,3913.97,22.49
2021-02-19,2.14,1.34,111.7179,6231.932129,3906.71,22.05
2021-02-22,2.16,1.37,111.9316,6255.312012,3876.5,23.45
2021-02-23,2.2,1.37,111.911,6272.807129,3881.37,23.11
2021-02-24,2.22,1.38,111.7339,6251.054199,3925.43,21.34
2021-02-25,2.12,1.54,111.9402,6289.645996,3829.34,28.89
2021-02-26,2.12,1.44,112.8433,6241.795898,3811.15,27.95
2021-03-01,2.13,1.45,112.538,6338.513184,3901.82,23.35
2021-03-02,2.15,1.42,112.5472,6359.205078,3870.29,24.1
2021-03-03,2.14,1.47,112.7761,6376.756836,3819.72,26.67
2021-03-04,2.13,1.54,112.717,6290.798828,3768.47,28.57
2021-03-05,2.13,1.56,113.7626,6258.749023,3841.94,24.66
2021-03-08,2.14,1.59,114.2824,6248.464844,3821.35,25.47
2021-03-09,2.16,1.55,113.9431,6199.646973,3875.44,24.03
2021-03-10,2.17,1.53,113.6015,6264.679199,3898.81,22.56
2021-03-12,2.19,1.64,113.0403,6358.208984,3943.34,20.69
2021-03-15,2.18,1.62,113.2065,6324.258789,3968.94,20.03
2021-03-16,2.19,1.62,112.997,6309.699219,3962.71,19.79
2021-03-17,2.23,1.63,113.1726,6277.228027,3974.12,19.23
2021-03-18,2.17,1.71,112.7872,6347.829102,3915.46,21.58
2021-03-19,2.1,1.74,112.9877,6356.160156,3913.1,20.95
2021-03-22,2.08,1.69,113.0154,6301.130859,3940.59,18.88
2021-03-23,2.11,1.63,113.3038,6252.711914,3910.52,20.3
2021-03-24,2.1,1.62,113.669,6156.140137,3889.14,21.2
2021-03-25,2.11,1.63,114.014,6122.875977,3909.52,19.81
2021-03-26,2.09,1.67,113.7532,6195.562012,3974.54,18.86
2021-03-29,2.08,1.73,113.9447,6166.817871,3971.09,20.74
2021-03-30,2.04,1.73,114.2152,6071.441895,3958.55,19.61
2021-03-31,2.03,1.74,113.8351,5985.521973,3972.89,19.4
2021-04-01,1.98,1.69,113.7504,6011.456055,4019.87,17.33
2021-04-05,1.93,1.73,113.406,5970.286133,4077.91,17.91
2021-04-06,1.95,1.67,113.1575,6002.77002,4073.94,18.12
2021-04-07,1.96,1.68,113.254,6036.616211,4079.95,17.16
2021-04-08,1.98,1.64,113.1015,6071.724121,4097.17,16.95
2021-04-09,1.96,1.67,113.2132,6070.208984,4128.8,16.69
2021-04-12,1.95,1.69,113.1916,5948.568848,4127.99,16.91
2021-04-13,1.97,1.64,113.0489,5927.435059,4141.59,16.65
2021-04-14,1.98,1.64,112.7951,6050.275879,4124.66,16.99
2021-04-15,1.95,1.56,112.6274,6079.500977,4170.42,16.57
2021-04-16,1.97,1.59,112.4913,6086.257813,4185.47,16.25
2021-04-19,1.99,1.61,112.1929,6052.540039,4163.26,17.29
2021-04-20,2.0,1.58,112.2444,6038.321777,4134.94,18.68
2021-04-21,2.01,1.57,112.1862,5993.242188,4173.42,17.5
2021-04-22,1.99,1.57,112.2385,5994.184082,4134.98,18.71
2021-04-23,1.99,1.58,112.0981,6016.86377,4180.17,17.33
2021-04-26,1.98,1.58,111.8207,5964.820801,4187.62,17.64
2021-04-27,1.97,1.63,111.9203,5959.621094,4186.72,17.56
2021-04-28,1.98,1.63,111.8015,5974.479004,4183.18,17.28
2021-04-29,1.97,1.65,111.7583,6012.960938,4211.47,17.61
2021-04-30,1.96,1.65,112.0959,5995.616211,4181.17,18.61
2021-05-03,1.96,1.63,112.0176,5952.597168,4192.66,18.31
2021-05-04,1.97,1.61,112.3021,5963.819824,4164.66,19.48
2021-05-05,1.98,1.59,112.1639,5975.911133,4167.59,19.15
2021-05-06,1.96,1.58,111.8525,5970.240234,4201.62,18.39
2021-05-07,1.97,1.6,111.0372,5928.309082,4232.6,16.69
2021-05-10,1.98,1.63,110.803,5975.787109,4188.43,19.66
2021-05-11,2.01,1.64,110.904,5938.351074,4152.1,21.84
2021-05-17,2.02,1.64,111.0913,5833.859863,4163.29,19.72
2021-05-18,2.03,1.64,110.8446,5834.394043,4127.83,21.34
2021-05-19,2.02,1.68,110.8933,5760.583984,4115.68,22.18
2021-05-20,2.02,1.63,110.8741,5797.597168,4159.12,20.67
2021-05-21,2.01,1.63,111.0714,5773.120117,4155.86,20.15
2021-05-24,2.0,1.61,110.9254,5763.631836,4197.05,18.4
2021-05-25,2.01,1.56,110.8557,5815.839844,4188.13,18.84
2021-05-27,1.98,1.61,110.8829,5841.828125,4200.88,16.74
2021-05-28,1.99,1.58,110.7711,5848.616211,4204.11,16.76
2021-06-02,1.98,1.59,110.5924,6031.578125,4208.12,17.48
2021-06-03,1.96,1.63,111.1905,6091.513184,4192.85,18.04
2021-06-04,1.98,1.56,110.7645,6065.166016,4229.89,16.42
2021-06-07,1.98,1.57,110.5275,6069.935059,4226.52,16.42
2021-06-08,1.98,1.53,110.6608,5999.369141,4227.26,17.07
2021-06-09,1.96,1.5,110.582,6047.475098,4219.55,17.89
2021-06-10,2.0,1.45,110.557,6107.538086,4239.18,16.1
2021-06-11,1.97,1.47,111.1052,6095.49707,4247.44,15.65
2021-06-14,1.96,1.51,110.9779,6080.383789,4255.15,16.39
2021-06-15,1.96,1.51,111.3634,6089.038086,4246.59,17.02
2021-06-16,1.91,1.57,111.1287,6078.567871,4223.7,18.15
2021-06-17,1.84,1.52,112.5881,6068.446777,4221.86,17.75
2021-06-18,1.85,1.45,113.0517,6007.120117,4166.45,20.7
2021-06-21,1.88,1.5,112.8506,5996.25293,4224.79,17.89
2021-06-22,1.9,1.48,112.929,6087.841797,4246.44,16.66
2021-06-23,1.89,1.5,112.3931,6034.542969,4241.84,16.32
2021-06-24,1.88,1.49,112.3357,6012.056152,4266.49,15.97
2021-06-25,1.9,1.54,111.9742,6022.398926,4280.7,15.62
2021-06-28,1.88,1.49,112.033,5939.471191,4290.61,15.76
2021-06-29,1.87,1.49,112.2692,5949.049805,4291.8,16.02
2021-06-30,1.87,1.45,112.5613,5985.48877,4297.5,15.83
2021-07-01,1.86,1.48,112.7484,6005.958008,4319.94,15.48
2021-07-02,1.87,1.44,112.5507,6023.007813,4352.34,15.07
2021-07-06,1.9,1.37,112.9602,6047.11084,4343.54,16.44
2021-07-07,1.89,1.33,113.1136,6044.037109,4358.13,16.2
2021-07-08,1.91,1.3,113.0863,6039.895996,4320.82,19.0
2021-07-09,1.91,1.37,112.8468,6039.844238,4369.55,16.18
2021-07-12,1.91,1.38,112.7701,6078.567871,4384.63,16.17
2021-07-13,1.91,1.42,113.0153,6012.032227,4369.21,17.12
2021-07-14,1.91,1.37,112.8885,5979.214844,4374.3,16.33
2021-07-15,1.92,1.31,113.0122,6046.753906,4360.03,17.01
2021-07-16,1.93,1.31,113.0504,6072.509766,4327.16,18.45
2021-07-19,1.97,1.19,113.5547,6017.394043,4258.49,22.5
2021-07-21,1.96,1.3,113.4018,6029.976074,4358.69,17.91
2021-07-22,1.95,1.27,113.4788,6137.546875,4367.48,17.69
2021-07-23,1.93,1.3,113.4486,6101.689941,4411.79,17.2
2021-07-26,1.94,1.29,113.2335,6106.394043,4422.3,17.58
2021-07-27,1.95,1.25,113.2321,6097.048828,4401.46,19.36
2021-07-28,1.96,1.26,113.1899,6088.522949,4400.64,18.31
2021-07-29,1.94,1.28,112.4927,6120.727051,4419.15,17.7
2021-07-30,1.95,1.24,112.6808,6070.039063,4395.26,18.24
2021-08-02,1.95,1.2,112.6784,6096.542969,4387.16,19.46
2021-08-03,1.97,1.19,112.8331,6130.570801,4423.15,18.04
2021-08-04,1.96,1.19,112.906,6159.035156,4402.66,17.97
2021-08-05,1.95,1.23,112.778,6205.416992,4429.1,17.28
2021-08-06,1.94,1.31,113.3192,6203.431152,4436.52,16.15
2021-08-09,1.95,1.33,113.4625,6127.456055,4432.35,16.72
2021-08-10,1.95,1.36,113.5072,6088.408203,4436.75,16.79
2021-08-12,1.99,1.36,113.278,6139.651855,4460.83,15.59
2021-08-13,1.98,1.29,113.0708,6139.492188,4468.0,15.45
2021-08-16,1.97,1.26,113.179,6087.913086,4479.71,16.12
2021-08-18,1.97,1.27,113.705,6118.149902,4400.27,21.57
2021-08-19,1.98,1.24,114.1195,5992.321777,4405.8,21.67
2021-08-20,1.96,1.26,114.5108,6030.771973,4441.67,18.56
2021-08-23,1.97,1.25,113.9526,6109.828125,4479.53,17.15
2021-08-24,1.95,1.29,113.6899,6089.49707,4486.23,17.22
2021-08-25,1.93,1.35,113.6424,6113.240234,4496.19,16.79
2021-08-26,1.92,1.34,113.7986,6058.080078,4470.0,18.84
2021-08-27,1.92,1.31,113.3511,6041.366211,4509.37,16.39
2021-08-30,1.92,1.29,113.256,6144.901855,4528.79,16.19
2021-08-31,1.94,1.3,113.1175,6150.298828,4522.68,16.48
2021-09-01,1.92,1.31,112.8832,6090.933105,4524.09,16.11
2021-09-02,1.92,1.29,112.7966,6078.229004,4536.95,16.41
2021-09-03,1.91,1.33,112.558,6126.920898,4535.43,16.41
2021-09-07,1.91,1.38,112.9892,6112.399902,4520.03,18.14
2021-09-08,1.91,1.35,113.2414,6026.02002,4514.07,17.96
2021-09-09,1.9,1.3,113.053,6068.219238,4493.28,18.8
2021-09-10,1.88,1.35,112.9519,6094.873047,4458.58,20.95
2021-09-13,1.87,1.33,113.0432,6088.157227,4468.73,19.37
2021-09-14,1.87,1.28,113.0151,6129.095215,4443.05,19.46
2021-09-15,1.85,1.31,112.9862,6110.229004,4480.7,18.18
2021-09-16,1.84,1.34,113.3122,6109.941895,4473.75,18.69
2021-09-17,1.83,1.37,113.6074,6133.246094,4432.99,20.81
2021-09-20,1.84,1.31,113.9511,6076.314941,4357.73,25.71
2021-09-21,1.83,1.33,113.8266,6060.756836,4354.19,24.36
2021-09-22,1.83,1.32,113.631,6108.265137,4395.64,20.87
2021-09-23,1.81,1.41,113.5224,6142.711914,4448.98,18.63
2021-09-24,1.8,1.47,113.7694,6144.814941,4455.48,17.75
2021-09-27,1.78,1.48,113.7532,6122.495117,4443.11,18.76
2021-09-28,1.8,1.54,114.2571,6113.111816,4352.63,23.25
2021-09-29,1.81,1.55,114.7191,6162.554199,4359.46,22.56
2021-09-30,1.85,1.52,114.6504,6286.942871,4307.54,23.14
2021-10-01,1.85,1.48,114.3899,6228.845215,4357.04,21.15
2021-10-04,1.85,1.49,114.2847,6342.686035,4300.46,22.96
2021-10-05,1.84,1.54,114.3767,6288.048828,4345.72,21.3
2021-10-06,1.84,1.53,114.7292,6417.323242,4363.55,21.0
2021-10-07,1.85,1.58,114.5156,6416.395996,4399.76,19.54
2021-10-08,1.84,1.61,114.6108,6481.769043,4391.34,18.77
2021-10-12,1.82,1.59,114.7667,6486.26709,4350.65,19.85
2021-10-13,1.79,1.56,114.4827,6536.903809,4363.8,18.64
2021-10-14,1.81,1.52,114.2181,6626.11377,4438.26,16.86
2021-10-15,1.76,1.59,114.1033,6633.337891,4471.37,16.3
2021-10-18,1.72,1.59,114.0022,6658.768066,4486.46,16.31
2021-10-19,1.72,1.65,113.6595,6655.998047,4519.63,15.7
2021-10-21,1.74,1.68,113.6322,6632.972168,4549.78,15.01
2021-10-22,1.72,1.66,113.6828,6643.737793,4544.9,15.43
2021-10-25,1.73,1.64,113.6172,6625.696777,4566.48,15.24
2021-10-26,1.71,1.63,113.6863,6656.937012,4574.79,15.98
2021-10-27,1.69,1.54,113.6342,6602.208984,4551.68,16.98
2021-10-28,1.69,1.57,113.453,6524.076172,4596.42,16.53
2021-10-29,1.69,1.55,114.149,6591.346191,4605.38,16.26
2021-11-01,1.69,1.58,114.2231,6552.88916,4613.67,16.41
2021-11-02,1.71,1.56,114.2997,6493.274902,4630.65,16.03
2021-11-03,1.7,1.6,114.3754,6552.129883,4660.57,15.1
2021-11-04,1.73,1.53,114.37,6586.442871,4680.06,15.44
2021-11-05,1.73,1.45,114.0865,6581.785156,4697.53,16.48
2021-11-08,1.67,1.51,113.8391,6632.296875,4701.7,17.22
2021-11-09,1.67,1.46,113.7746,6669.924805,4685.25,17.78
2021-11-10,1.66,1.56,114.1611,6683.14502,4646.71,18.73
2021-11-12,1.69,1.58,114.5263,6651.054199,4682.85,16.29
2021-11-15,1.7,1.63,114.6003,6616.028809,4682.8,16.49
2021-11-16,1.72,1.63,115.149,6651.207031,4700.9,16.37
2021-11-17,1.74,1.6,115.039,6675.804199,4688.67,17.11
2021-11-18,1.73,1.59,115.0811,6636.469238,4704.54,17.59
2021-11-19,1.73,1.54,115.2318,6720.263184,4697.96,17.91
2021-11-22,1.71,1.63,115.6615,6723.38623,4682.94,19.17
2021-11-23,1.73,1.67,116.026,6677.875977,4690.7,19.38
2021-11-24,1.72,1.64,116.2855,6683.276855,4701.46,18.58
2021-11-26,1.82,1.48,116.5259,6561.553223,4594.62,28.62
2021-11-29,1.81,1.52,116.596,6608.290039,4655.27,22.96
2021-11-30,1.81,1.43,116.2206,6533.932129,4567.0,27.19
2021-12-01,1.81,1.43,115.9026,6507.676758,4513.04,31.12
2021-12-02,1.8,1.44,116.0313,6583.819824,4577.1,27.95
2021-12-03,1.81,1.35,116.2511,6538.505859,4538.43,30.67
2021-12-06,1.79,1.43,116.1663,6547.116211,4591.67,27.18
2021-12-07,1.75,1.48,115.8676,6602.568848,4686.75,21.89
2021-12-08,1.79,1.52,115.4541,6603.797852,4701.21,19.9
2021-12-09,1.81,1.49,115.7904,6643.932129,4667.45,21.58
2021-12-10,1.83,1.48,115.5852,6652.921875,4712.02,18.69
2021-12-13,1.82,1.42,115.8538,6662.871094,4668.97,20.31
2021-12-14,1.82,1.44,116.252,6615.637207,4634.09,21.89
2021-12-15,1.83,1.47,116.4342,6626.256836,4709.85,19.29
2021-12-16,1.87,1.44,115.7267,6594.797852,4668.67,20.57
2021-12-17,1.87,1.41,115.8022,6601.932129,4620.64,21.57
2021-12-20,1.89,1.43,116.0206,6547.111816,4568.02,22.87
2021-12-21,1.88,1.48,116.1208,6554.309082,4649.23,21.01
2021-12-22,1.86,1.46,115.7612,6529.592773,4696.56,18.63
2021-12-23,1.86,1.5,115.5469,6555.550781,4725.79,17.96
2021-12-27,1.86,1.48,115.4821,6575.443848,4791.19,17.68
2021-12-28,1.86,1.49,115.4327,6598.342773,4786.35,17.54
2021-12-29,1.85,1.55,115.3819,6600.676758,4793.06,16.95
2021-12-30,1.85,1.52,115.2969,6581.481934,4778.73,17.33
2022-01-03,1.82,1.63,115.4243,6665.308105,4796.56,16.6
2022-01-04,1.84,1.66,115.3263,6695.373047,4793.54,16.91
2022-01-05,1.8,1.71,115.1524,6662.298828,4700.58,19.73
2022-01-06,1.78,1.73,115.4189,6653.351074,4696.05,19.61
2022-01-07,1.78,1.76,115.0596,6701.315918,4677.03,18.76
2022-01-10,1.76,1.78,115.235,6691.124023,4670.29,19.4
2022-01-11,1.76,1.75,114.8467,6647.970215,4713.07,18.41
2022-01-12,1.77,1.74,114.3713,6647.064941,4726.35,17.62
2022-01-13,1.8,1.7,114.1934,6658.355957,4659.03,20.31
2022-01-14,1.79,1.78,114.3968,6693.400879,4662.85,19.19
2022-01-18,1.78,1.87,114.7513,6614.059082,4577.11,22.79
2022-01-19,1.77,1.83,114.6254,6591.980957,4532.76,23.85
2022-01-20,1.79,1.83,114.4779,6626.871094,4482.73,25.59
2022-01-21,1.84,1.75,114.6261,6726.373047,4397.94,28.85
2022-01-24,1.89,1.75,115.2165,6655.166016,4410.13,29.9
2022-01-25,1.91,1.78,115.1779,6568.172852,4356.45,31.16
2022-01-26,1.84,1.85,115.1044,6600.818848,4349.93,31.96
2022-01-27,1.86,1.81,115.9874,6611.161133,4326.51,30.49
2022-01-28,1.91,1.78,116.049,6645.51123,4431.85,27.66
2022-01-31,1.93,1.79,115.5742,6631.150879,4515.55,24.83
2022-02-02,1.91,1.78,115.1643,6707.651855,4589.38,22.09
2022-02-03,1.92,1.82,114.9175,6683.851074,4477.44,24.35
2022-02-04,1.92,1.93,115.1473,6731.391113,4500.53,23.22
2022-02-07,1.93,1.92,115.0209,6804.937012,4483.87,22.86
2022-02-08,1.91,1.96,115.0999,6789.521973,4521.54,21.44
2022-02-09,1.92,1.94,114.8329,6834.605957,4587.18,19.96
2022-02-10,1.91,2.03,114.5618,6823.64209,4504.08,23.91
2022-02-11,2.0,1.92,114.8489,6815.606934,4418.64,27.36
2022-02-14,2.0,1.98,115.2008,6734.48584,4401.67,28.33
2022-02-15,1.99,2.05,114.9357,6807.49707,4471.07,25.7
2022-02-16,2.05,2.03,114.6954,6850.198242,4475.01,24.29
2022-02-17,2.12,1.97,114.682,6835.117188,4380.26,28.11
2022-02-18,2.13,1.92,114.8036,6892.817871,4348.87,27.75
2022-02-22,2.13,1.94,114.7054,6861.994141,4304.76,28.81
2022-02-23,2.1,1.99,114.6718,6920.056152,4225.5,31.02
2022-02-24,2.24,1.96,115.9478,6817.819824,4288.7,30.32
2022-02-25,2.2,1.97,115.2633,6888.170898,4384.65,27.59
2022-03-01,2.25,1.72,115.8062,6921.440918,4306.26,33.32
2022-03-02,2.24,1.86,115.7727,6868.401855,4386.54,30.74
2022-03-04,2.31,1.74,116.661,6928.328125,4328.87,31.98
2022-03-07,2.32,1.78,117.3406,6869.065918,4201.09,36.45
2022-03-08,2.35,1.86,117.6281,6814.183105,4170.7,35.13
2022-03-09,2.32,1.94,116.6057,6864.440918,4277.88,32.45
2022-03-10,2.38,1.98,116.75,6924.007813,4259.52,30.23
2022-03-11,2.35,2.0,117.0294,6922.602051,4204.31,30.75
2022-03-14,2.33,2.14,117.1594,6952.204102,4173.11,31.77
2022-03-15,2.36,2.15,117.2533,6918.185059,4262.45,29.83
2022-03-16,2.23,2.19,116.8135,6992.39502,4357.86,26.67
2022-03-17,2.17,2.2,116.0544,6964.384766,4411.67,25.67
2022-03-18,2.14,2.14,116.1447,6954.964844,4463.12,23.87
2022-03-21,2.07,2.32,115.9467,6955.181152,4461.18,23.53
2022-03-22,2.05,2.38,116.0888,7000.821777,4511.61,22.94
2022-03-23,2.03,2.32,116.0101,6996.115234,4456.24,23.57
2022-03-24,2.01,2.34,115.9651,7049.685059,4520.16,21.67
2022-03-25,1.96,2.48,115.7953,7002.532227,4543.06,20.81
2022-03-28,1.94,2.46,116.1953,7049.603027,4575.52,19.63
2022-03-29,1.91,2.41,115.572,7011.688965,4631.6,18.9
2022-03-30,1.93,2.35,115.0857,7053.189941,4602.45,19.33
2022-03-31,1.93,2.32,115.2254,7071.441895,4530.41,20.56
2022-04-01,1.81,2.39,115.4835,7078.759766,4545.86,19.63
2022-04-04,1.81,2.42,115.4121,7116.217773,4582.64,18.57
2022-04-05,1.77,2.54,115.7328,7148.298828,4525.12,21.03
2022-04-06,1.77,2.61,116.002,7104.21582,4481.15,22.1
2022-04-07,1.78,2.66,116.3541,7127.367188,4500.21,21.55
2022-04-08,1.78,2.72,116.42,7210.834961,4488.28,21.16
2022-04-11,1.82,2.79,116.5423,7203.793945,4412.53,24.37
2022-04-12,1.92,2.72,116.387,7214.780762,4397.45,24.26
2022-04-13,1.94,2.7,116.2793,7262.776855,4446.59,21.82
2022-04-14,1.93,2.83,116.7552,7235.532227,4392.59,22.7
2022-04-18,1.94,2.85,116.8427,7275.289063,4391.69,22.17
2022-04-19,1.91,2.93,117.1322,7199.231934,4462.21,21.37
2022-04-20,1.91,2.85,116.7325,7227.361816,4459.45,20.32
2022-04-21,1.93,2.9,117.1454,7276.192871,4393.66,22.68
2022-04-22,1.96,2.9,118.0205,7225.605957,4271.78,28.21
2022-04-25,2.03,2.81,118.6298,7215.979004,4296.12,27.02
2022-04-26,2.06,2.77,118.9658,7232.152832,4175.2,33.52
2022-04-27,2.05,2.82,119.472,7196.76416,4183.96,31.6
2022-04-28,2.06,2.85,120.0703,7228.914063,4287.5,29.99
2022-05-09,2.17,3.05,120.4949,6909.750977,3991.24,34.75
2022-05-10,2.16,2.99,120.7716,6819.793945,4001.05,32.99
2022-05-11,2.17,2.91,120.3896,6816.203125,3935.18,32.56
2022-05-12,2.2,2.84,121.273,6599.839844,3930.08,31.77
2022-05-13,2.24,2.93,120.8379,6597.993164,4023.89,28.87
2022-05-17,2.27,2.98,119.8816,6644.466797,4088.85,26.1
2022-05-18,2.31,2.89,120.022,6793.414063,3923.68,30.96
2022-05-19,2.37,2.84,119.4244,6823.334961,3900.79,29.35
2022-05-20,2.36,2.78,119.3617,6918.144043,3901.36,29.43
2022-05-23,2.33,2.86,118.712,6840.774902,3973.75,28.48
2022-05-24,2.34,2.76,118.6208,6914.141113,3941.48,29.45
2022-05-25,2.29,2.75,118.9561,6883.503906,3978.73,28.37
2022-05-27,2.26,2.74,118.2796,7026.255859,4158.24,25.72
2022-05-31,2.18,2.85,118.0689,7148.970215,4132.15,26.19
2022-06-02,2.1,2.92,118.0642,7148.723145,4176.82,24.72
2022-06-03,2.09,2.96,118.2138,7182.960938,4108.54,24.79
2022-06-06,2.08,3.04,118.3053,7096.582031,4121.43,25.07
2022-06-07,2.07,2.98,118.4401,7141.044922,4160.68,24.02
2022-06-08,2.07,3.03,118.3944,7193.313965,4115.77,23.96
2022-06-09,2.07,3.04,118.9193,7182.830078,4017.82,26.09
2022-06-10,2.04,3.15,119.9942,7086.647949,3900.86,27.75
2022-06-13,1.98,3.43,121.1517,6995.441895,3749.63,34.02
2022-06-14,1.99,3.49,121.6668,7049.881836,3735.48,32.69
2022-06-15,2.1,3.33,121.6382,7007.049805,3789.99,29.62
2022-06-16,2.13,3.28,120.6755,7050.326172,3666.77,32.95
2022-06-17,2.13,3.25,121.2389,6936.966797,3674.84,31.13
2022-06-21,2.13,3.31,120.646,7044.070801,3764.79,30.19
2022-06-22,2.17,3.16,120.5232,6984.311035,3759.89,28.95
2022-06-23,2.2,3.09,120.7646,6998.26709,3795.73,29.05
2022-06-24,2.22,3.13,120.4897,7042.937012,3911.74,27.23
2022-06-27,2.19,3.2,120.1789,7016.055176,3900.11,26.95
2022-06-28,2.22,3.2,120.6254,6996.456055,3821.55,28.36
2022-06-29,2.24,3.1,120.9689,6942.351074,3818.83,28.16
2022-06-30,2.31,2.98,120.9718,6911.582031,3785.38,28.71
2022-07-01,2.42,2.88,121.5123,6794.328125,3825.33,26.7
2022-07-05,2.41,2.82,122.6276,6703.266113,3831.39,27.54
2022-07-06,2.39,2.93,123.0165,6646.410156,3845.08,26.73
2022-07-07,2.33,3.01,122.7336,6652.586914,3902.62,26.08
2022-07-08,2.31,3.09,122.4724,6740.219238,3899.38,24.64
2022-07-11,2.32,2.99,123.3062,6722.14502,3854.43,26.17
2022-07-12,2.31,2.96,123.4612,6718.293945,3818.8,27.29
2022-07-13,2.32,2.91,123.293,6640.990234,3801.78,26.82
2022-07-14,2.31,2.96,124.0717,6690.086914,3790.38,26.4
2022-07-15,2.3,2.93,123.4842,6651.904785,3863.16,24.23
2022-07-18,2.28,2.96,122.78,6659.25293,3830.85,25.3
2022-07-19,2.26,3.01,122.4922,6736.091797,3936.69,24.5
2022-07-20,2.2,3.04,122.6096,6874.743164,3959.9,23.88
2022-07-21,2.23,2.91,122.9169,6864.130859,3998.95,23.11
2022-07-22,2.28,2.77,122.4643,6886.961914,3961.63,23.03
2022-07-25,2.31,2.81,122.4721,6858.407227,3966.84,23.36
2022-07-26,2.29,2.81,122.7698,6871.537109,3921.05,24.69
2022-07-27,2.3,2.78,122.8281,6898.21582,4023.61,23.24
2022-07-28,2.42,2.68,122.1267,6956.816895,4072.43,22.33
2022-07-29,2.36,2.67,121.7793,6951.123047,4130.29,21.33
2022-08-01,2.38,2.6,121.4218,6968.783203,4118.63,22.84
2022-08-02,2.29,2.75,121.9609,6988.157227,4091.19,23.93
2022-08-03,2.29,2.73,122.4002,7046.634766,4155.17,21.95
2022-08-04,2.32,2.68,121.8436,7057.348145,4151.94,21.44
2022-08-05,2.29,2.83,122.33,7084.654785,4145.19,21.15
2022-08-08,2.26,2.77,121.8887,7086.849121,4140.06,21.29
2022-08-09,2.26,2.8,121.8719,7102.879883,4122.47,21.77
2022-08-10,2.29,2.78,120.7648,7086.23584,4210.24,19.74
2022-08-11,2.29,2.87,120.7281,7160.384766,4207.27,20.2
2022-08-12,2.27,2.84,121.0272,7129.276855,4280.15,19.53
2022-08-15,2.27,2.79,121.4382,7093.275879,4297.14,19.95
2022-08-16,2.27,2.82,121.6889,7133.453125,4305.2,19.69
2022-08-18,2.24,2.88,122.3722,7186.558105,4283.74,19.56
2022-08-19,2.25,2.98,123.0596,7172.434082,4228.48,20.6
2022-08-22,2.24,3.03,123.6123,7107.98291,4137.99,23.8
2022-08-23,2.24,3.05,123.0617,7163.265137,4128.73,24.11
2022-08-24,2.23,3.11,123.1136,7194.706055,4140.77,22.82
2022-08-25,2.21,3.03,123.0645,7174.208008,4199.12,21.78
2022-08-26,2.19,3.04,123.0709,7135.248047,4057.66,25.56
2022-08-29,2.19,3.12,123.4739,7132.044922,4030.61,26.21
2022-08-30,2.17,3.11,123.6893,7159.473145,3986.16,26.21
2022-08-31,2.18,3.15,123.5407,7178.589844,3955.0,25.87
2022-09-01,2.22,3.26,124.4045,7153.104004,3966.85,25.56
2022-09-02,2.24,3.2,123.7771,7177.179199,3924.26,25.47
2022-09-06,2.27,3.33,124.7719,7233.154785,3908.19,26.91
2022-09-07,2.24,3.27,124.8457,7186.756836,3979.87,24.64
2022-09-08,2.25,3.29,124.584,7232.01709,4006.18,23.61
2022-09-09,2.2,3.33,123.7954,7242.655762,4067.36,22.79
2022-09-12,2.2,3.37,123.3441,7254.463867,4110.41,23.87
2022-09-13,2.18,3.42,124.4342,7318.016113,3932.69,27.27
2022-09-14,2.15,3.41,124.4593,7278.078125,3946.01,26.16
2022-09-15,2.12,3.45,124.8944,7305.601074,3901.35,26.27
2022-09-16,2.18,3.45,124.8879,7168.870117,3873.33,26.3
2022-09-19,2.15,3.49,125.0177,7195.487793,3899.89,25.76
2022-09-20,2.13,3.57,125.1324,7196.951172,3855.93,27.16
2022-09-21,2.12,3.51,125.7464,7188.313965,3789.93,27.99
2022-09-22,2.08,3.7,126.1668,7218.905762,3757.99,27.35
2022-09-23,2.09,3.69,127.2867,7178.583008,3693.23,29.92
2022-09-26,2.01,3.88,128.4544,7127.50293,3655.04,32.26
2022-09-27,2.08,3.97,128.4399,7112.449219,3647.29,32.6
2022-09-28,2.25,3.72,128.0937,7077.030762,3719.04,30.18
2022-09-29,2.27,3.76,127.5463,7036.198242,3640.47,31.84
2022-09-30,2.24,3.83,127.5159,7040.797852,3585.62,31.62
2022-10-03,2.29,3.67,127.0793,7009.717773,3678.43,30.1
2022-10-04,2.27,3.62,126.184,7072.255859,3790.93,29.07
2022-10-05,2.22,3.76,126.863,7075.384766,3783.28,28.55
2022-10-06,2.16,3.83,127.2481,7076.623047,3744.52,30.52
2022-10-07,2.17,3.89,127.3093,7026.783203,3639.66,31.36
2022-10-11,2.23,3.93,127.6614,6939.14502,3588.84,33.63
2022-10-12,2.27,3.91,128.1456,6909.208984,3577.03,33.57
2022-10-13,2.28,3.97,127.7276,6880.625,3669.91,31.94
2022-10-14,2.28,4.0,128.3303,6814.529785,3583.07,32.02
2022-10-17,2.28,4.02,127.6478,6831.115234,3677.95,31.37
2022-10-18,2.28,4.01,127.9184,6834.494141,3719.98,30.5
2022-10-19,2.25,4.14,128.3992,6860.416016,3695.16,30.76
2022-10-20,2.24,4.24,128.0084,6980.651855,3665.78,29.98
2022-10-21,2.36,4.21,127.6758,7017.770996,3752.75,29.69
2022-10-24,2.34,4.25,128.0351,7053.043945,3797.34,29.85
2022-10-25,2.37,4.1,127.384,7048.379883,3859.11,28.46
2022-10-26,2.33,4.04,126.481,7043.938965,3830.6,27.28
2022-10-27,2.34,3.96,126.7102,7091.76123,3807.3,27.39
2022-10-28,2.3,4.02,127.2196,7056.040039,3901.06,25.75
2022-10-31,2.28,4.1,127.6272,7098.890137,3871.98,25.88
2022-11-01,2.22,4.07,127.4011,7052.303223,3856.1,25.81
2022-11-02,2.18,4.1,127.3138,7015.689941,3759.69,25.86
2022-11-03,2.19,4.14,128.1712,7034.573242,3719.89,25.3
2022-11-04,2.22,4.17,127.149,7045.526855,3770.55,24.55
2022-11-07,2.22,4.22,126.3098,7102.395996,3806.8,24.35
2022-11-08,2.23,4.14,125.64,7050.125977,3828.11,25.54
2022-11-09,2.33,4.12,125.9926,7070.083984,3748.57,26.09
2022-11-10,2.36,3.82,124.7142,6966.836914,3956.37,23.53
2022-11-14,2.27,3.88,123.4425,7019.39209,3957.25,23.73
2022-11-15,2.23,3.8,123.0534,7035.5,3991.73,24.54
2022-11-16,2.24,3.67,123.2964,7014.383789,3958.79,24.11
2022-11-17,2.18,3.77,123.9929,7044.98584,3946.56,23.93
2022-11-18,2.13,3.82,123.8678,7082.181152,3965.34,23.12
2022-11-21,2.08,3.83,124.7143,7063.24707,3949.94,22.36
2022-11-22,2.07,3.76,124.251,7030.587891,4003.58,21.29
2022-11-23,2.02,3.71,123.7739,7054.123047,4027.26,20.35
2022-11-25,2.06,3.68,123.3547,7053.149902,4026.12,20.5
2022-11-28,2.05,3.69,123.6181,7017.35791,3963.94,22.21
2022-11-29,2.06,3.75,123.6703,7012.068848,3957.63,21.89
2022-11-30,2.15,3.68,123.5276,7081.312988,4080.11,20.58
2022-12-01,2.09,3.53,122.0147,7020.803223,4076.57,19.84
2022-12-02,2.03,3.51,122.0218,7019.63916,4071.7,19.06
2022-12-05,1.99,3.6,122.6511,6987.328125,3998.84,20.75
2022-12-06,1.97,3.51,123.0319,6892.569824,3941.26,22.17
2022-12-07,1.95,3.42,122.7716,6818.751953,3933.92,22.68
2022-12-08,1.91,3.48,122.4275,6804.227051,3963.51,22.29
2022-12-09,1.9,3.57,122.4343,6715.118164,3934.38,22.83
2022-12-12,1.88,3.61,122.7861,6734.452148,3990.56,25.0
2022-12-13,1.91,3.51,121.8644,6810.315918,4019.65,22.55
2022-12-14,1.95,3.49,121.8391,6801.749023,3995.32,21.14
2022-12-15,1.97,3.44,122.5684,6751.859863,3895.75,22.83
2022-12-16,1.98,3.48,122.6647,6812.192871,3852.36,22.62
2022-12-19,1.98,3.57,122.5438,6779.698242,3817.66,22.42
2022-12-20,1.99,3.69,122.1502,6768.315918,3821.62,21.48
2022-12-21,2.01,3.68,122.2965,6820.663086,3878.44,20.07
2022-12-22,1.99,3.67,122.2525,6824.432129,3822.39,21.97
2022-12-23,2.0,3.75,121.9843,6800.672852,3844.82,20.87
2022-12-27,2.02,3.84,121.767,6923.026855,3829.25,21.65
2022-12-28,2.01,3.88,122.02,6850.52002,3783.22,22.14
2022-12-29,2.01,3.83,121.6713,6860.077148,3849.28,21.44
2022-12-30,1.99,3.88,121.4392,6850.619141,3839.5,21.67
2023-01-03,2.03,3.79,122.0844,6888.757813,3824.14,22.9
2023-01-04,2.07,3.69,121.5108,6813.23877,3852.97,22.01
2023-01-05,2.03,3.71,122.0786,6653.84082,3808.1,22.46
2023-01-06,2.07,3.55,121.0814,6684.558105,3895.08,21.13
2023-01-09,2.02,3.53,120.1403,6688.265137,3892.09,21.97
2023-01-10,2.02,3.61,120.234,6622.499023,3919.25,20.58
2023-01-11,1.99,3.54,120.1445,6584.453125,3969.61,21.09
2023-01-12,1.97,3.43,119.4108,6629.934082,3983.17,18.83
2023-01-13,1.95,3.49,119.1422,6641.830078,3999.09,18.35
2023-01-17,1.91,3.53,119.2186,6767.339844,3990.97,19.36
2023-01-18,1.96,3.37,119.08,6765.786133,3928.86,20.34
2023-01-19,1.99,3.39,119.6033,6819.907227,3898.85,20.52
2023-01-20,1.98,3.48,119.3588,6874.931152,3972.61,19.85
2023-01-24,1.94,3.46,119.1174,6860.854004,4016.95,19.2
2023-01-25,1.96,3.46,118.995,6829.930176,4016.22,19.08
2023-01-26,1.91,3.49,119.0472,6864.817871,4060.43,18.73
2023-01-27,1.88,3.52,118.9521,6898.980957,4070.56,18.51
2023-01-30,1.87,3.55,118.9079,6872.480957,4017.77,19.94
2023-01-31,1.9,3.52,118.991,6839.341797,4076.6,19.4
2023-02-01,1.91,3.39,118.6396,6862.257813,4119.21,17.87
2023-02-02,1.88,3.4,118.349,6890.571777,4179.76,18.73
2023-02-03,1.83,3.53,119.5014,6911.731934,4136.48,18.33
2023-02-06,1.77,3.63,120.5116,6873.791016,4111.08,19.43
2023-02-07,1.78,3.67,120.3298,6935.300781,4164.0,18.66
2023-02-08,1.83,3.63,120.139,6940.124023,4117.86,19.63
2023-02-09,1.84,3.67,119.9785,6897.365234,4081.5,20.71
2023-02-10,1.85,3.74,120.1531,6880.329102,4090.46,20.53
2023-02-13,1.84,3.72,120.0145,6900.140137,4137.29,20.34
2023-02-14,1.81,3.77,119.9601,6941.85498,4136.13,18.91
2023-02-15,1.82,3.81,120.4926,6914.538086,4147.6,18.23
2023-02-16,1.84,3.86,120.5069,6895.664063,4090.41,20.17
2023-02-17,1.89,3.82,120.6023,6895.713867,4079.09,20.02
2023-02-21,1.87,3.95,120.678,6873.404785,3997.34,22.87
2023-02-22,1.85,3.93,120.8969,6809.967773,3991.05,22.29
2023-02-23,1.86,3.88,121.141,6839.454102,4012.32,21.14
2023-02-24,1.86,3.95,121.6297,6856.576172,3970.04,21.67
2023-02-27,1.87,3.92,121.4656,6854.776855,3982.24,20.95
2023-02-28,1.9,3.92,121.4062,6843.23877,3970.15,20.7
2023-03-01,1.84,4.01,120.6971,6844.936035,3951.39,20.58
2023-03-02,1.82,4.08,121.1949,6857.415039,3981.35,19.59
2023-03-03,1.79,3.97,120.8468,6813.63623,4045.64,18.49
2023-03-06,1.79,3.98,120.5776,6807.000977,4048.42,18.61
2023-03-07,1.79,3.97,121.531,6766.757813,3986.37,19.59
2023-03-08,1.79,3.98,121.5222,6776.370117,3992.01,19.11
2023-03-09,1.85,3.93,121.5225,6799.794922,3918.32,22.61
2023-03-10,1.96,3.7,121.2963,6765.301758,3861.59,24.8
2023-03-13,2.14,3.55,120.9157,6786.955078,3855.76,26.52
2023-03-14,2.11,3.64,121.052,6641.813965,3919.29,23.73
2023-03-15,2.22,3.51,122.1149,6628.137207,3891.93,26.14
2023-03-16,2.16,3.56,121.751,6565.728027,3960.28,22.99
2023-03-17,2.21,3.39,121.5923,6678.236816,3916.64,25.51
2023-03-20,2.19,3.47,121.0637,6612.490234,3951.57,24.15
2023-03-21,2.11,3.59,120.9535,6691.61084,4002.87,21.38
2023-03-24,2.24,3.38,120.5106,6762.253906,3970.99,21.74
2023-03-27,2.19,3.53,120.3239,6708.933105,3977.53,20.6
2023-03-28,2.19,3.55,119.7987,6760.328125,3971.27,19.97
2023-03-29,2.15,3.57,119.8223,6839.436035,4027.81,19.12
2023-03-30,2.11,3.55,119.5103,6808.951172,4050.83,19.02
2023-03-31,2.11,3.48,119.4611,6805.276855,4109.31,18.7
2023-04-03,2.11,3.43,119.4342,6827.174805,4124.51,18.55
2023-04-04,2.1,3.35,119.2641,6833.178223,4100.6,19.0
2023-04-05,2.14,3.3,119.4068,6819.674805,4090.38,19.08
2023-04-06,2.11,3.3,119.4229,6792.765137,4105.02,18.4
2023-04-10,2.09,3.41,119.8962,6771.234863,4109.11,18.97
2023-04-11,2.05,3.43,119.6409,6811.313965,4108.94,19.1
2023-04-12,2.08,3.41,119.1341,6798.963867,4091.95,19.09
2023-04-13,2.07,3.45,118.5376,6785.598145,4146.22,17.8
2023-04-14,2.05,3.52,118.983,6818.574219,4137.64,17.07
2023-04-17,2.02,3.6,119.3981,6787.582031,4151.32,16.95
2023-04-18,2.01,3.58,119.2345,6821.807129,4154.87,16.83
2023-04-26,2.11,3.43,119.4758,6910.146973,4055.99,18.84
2023-04-27,2.07,3.53,119.5754,6945.477051,4135.35,17.03
2023-04-28,2.08,3.44,119.376,6915.71582,4169.48,15.78
2023-05-02,2.16,3.44,119.7514,6863.301758,4119.58,17.78
2023-05-03,2.2,3.38,119.2773,6812.722168,4090.75,18.34
2023-05-04,2.24,3.37,119.19,6844.026855,4061.22,20.09
2023-05-05,2.2,3.44,118.7184,6787.630859,4136.25,17.19
2023-05-08,2.2,3.52,118.7415,6769.630859,4138.12,16.98
2023-05-09,2.21,3.53,118.984,6779.97998,4119.17,17.71
2023-05-10,2.26,3.43,118.7561,6811.904785,4137.64,16.94
2023-05-11,2.25,3.39,119.1902,6755.937988,4130.62,16.93
2023-05-12,2.21,3.46,119.5206,6707.763184,4124.08,17.03
2023-05-15,2.27,3.5,119.3288,6711.740234,4136.28,17.12
2023-05-16,2.28,3.54,119.3567,6676.563965,4109.9,17.99
2023-05-17,2.26,3.57,119.7849,6663.11377,4158.77,16.87
2023-05-19,2.18,3.7,119.9479,6700.561035,4191.98,16.81
2023-05-22,2.19,3.72,120.2609,6729.646973,4192.63,17.21
2023-05-23,2.19,3.7,120.4913,6736.684082,4145.58,18.53
2023-05-24,2.18,3.73,120.6481,6745.804199,4115.24,20.03
2023-05-25,2.1,3.83,121.0126,6704.230957,4151.28,19.14
2023-05-26,2.1,3.8,120.8022,6687.000977,4205.45,17.95
2023-05-30,2.14,3.69,120.7387,6636.422852,4205.52,17.46
2023-05-31,2.16,3.64,121.1527,6633.26123,4179.83,17.94
2023-06-05,2.1,3.69,120.2175,6633.437012,4273.79,14.73
2023-06-06,2.08,3.7,120.1906,6618.922852,4283.85,13.96
2023-06-07,2.06,3.79,120.0893,6619.754883,4267.52,13.94
2023-06-08,2.07,3.73,119.8069,6666.330078,4293.93,13.65
2023-06-09,2.05,3.75,119.6781,6694.023926,4298.86,13.83
2023-06-12,2.1,3.73,119.889,6722.373047,4338.93,15.01
2023-06-13,2.0,3.84,119.4641,6719.01416,4369.01,14.61
2023-06-14,1.94,3.83,119.0646,6699.716797,4372.59,13.88
2023-06-15,2.02,3.72,118.8447,6713.794922,4425.84,14.5
2023-06-16,1.96,3.77,118.7168,6698.546875,4409.59,13.54
2023-06-20,1.95,3.74,119.2458,6660.455078,4388.71,13.88
2023-06-21,1.96,3.72,119.0438,6702.625,4365.69,13.2
2023-06-22,1.94,3.8,119.074,6652.26123,4381.89,12.91
2023-06-23,1.96,3.74,119.4584,6639.73291,4348.33,13.44
2023-06-26,1.98,3.72,119.4123,6664.667969,4328.82,14.25
2023-06-27,1.94,3.77,119.235,6661.878906,4378.41,13.74
2023-07-03,1.85,3.86,119.5618,6696.71582,4455.59,13.57
2023-07-05,1.83,3.95,119.6971,6718.977051,4446.82,14.18
2023-07-06,1.8,4.05,120.1579,6757.331055,4411.59,15.44
2023-07-07,1.81,4.06,119.4293,6716.458984,4398.95,14.83
2023-07-10,1.86,4.01,119.3179,6731.038086,4409.53,15.07
2023-07-11,1.84,3.99,119.0891,6796.923828,4439.26,14.84
2023-07-12,1.88,3.86,118.0104,6808.208984,4472.16,13.54
2023-07-13,1.91,3.76,117.5569,6810.212891,4510.04,13.61
2023-07-14,1.87,3.83,117.4209,6869.571777,4505.42,13.34
2023-07-17,1.9,3.81,117.5139,6867.144043,4522.79,13.48
2023-07-18,1.89,3.8,117.4145,6830.203125,4554.98,13.3
2023-07-20,1.85,3.85,117.9615,6864.188965,4534.87,13.99
2023-07-21,1.85,3.84,118.3072,6880.801758,4536.34,13.6
2023-07-24,1.84,3.86,118.1812,6899.395996,4554.64,13.91
2023-07-25,1.81,3.91,118.1978,6917.710938,4567.46,13.86
2023-07-26,1.83,3.86,118.1097,6948.278809,4566.75,13.19
2023-07-27,1.78,4.01,118.2497,6896.663086,4537.41,14.41
2023-07-28,1.8,3.96,118.1429,6900.22998,4582.23,13.33
2023-07-31,1.77,3.97,118.1738,6931.358887,4588.96,13.63
2023-08-01,1.77,4.05,118.9156,6886.496094,4576.73,13.93
2023-08-02,1.82,4.08,119.4622,6854.509766,4513.39,16.09
2023-08-03,1.84,4.2,119.7123,6898.077148,4501.89,15.92
2023-08-04,1.9,4.05,119.1684,6852.841797,4478.03,17.1
2023-08-07,1.9,4.09,119.4297,6886.366211,4518.44,15.77
2023-08-08,1.93,4.02,119.987,6868.812988,4499.38,15.99
2023-08-09,1.92,4.0,119.8273,6875.111816,4467.71,15.96
2023-08-10,1.89,4.09,119.5248,6893.275879,4468.83,15.85
2023-08-11,1.87,4.16,119.9929,6879.979004,4464.05,14.84
2023-08-14,1.84,4.19,120.4451,6910.171875,4489.72,14.82
2023-08-15,1.86,4.21,120.5927,6915.101074,4437.86,16.46
2023-08-16,1.84,4.28,120.7308,6900.538086,4404.33,16.78
2023-08-18,1.89,4.26,120.7937,6859.912109,4369.71,17.3
2023-08-21,1.88,4.34,120.8271,6866.033203,4399.77,17.13
2023-08-22,1.82,4.34,120.7274,6916.450195,4387.55,16.97
2023-08-23,1.83,4.19,120.4036,6921.410156,4436.01,15.98
2023-08-24,1.8,4.23,120.5987,6899.39209,4376.31,17.2
2023-08-25,1.76,4.25,120.8752,6895.442871,4405.71,15.68
2023-08-28,1.82,4.2,120.687,6921.727051,4433.31,15.08
2023-08-29,1.84,4.12,120.6383,6957.834961,4497.63,14.45
2023-08-30,1.82,4.12,120.187,6966.655762,4514.87,13.88
2023-08-31,1.83,4.09,120.5882,6953.259766,4507.66,13.57
2023-09-01,1.82,4.18,121.1011,6977.653809,4515.77,13.09
2023-09-05,1.84,4.27,121.7785,6991.708008,4496.83,14.01
2023-09-06,1.79,4.3,122.2029,6995.953125,4465.48,14.45
2023-09-07,1.81,4.27,122.2903,6954.808105,4451.14,14.4
2023-09-08,1.79,4.26,122.2933,6924.779785,4457.49,13.84
2023-09-11,1.8,4.29,121.6757,6963.393066,4487.46,13.8
2023-09-12,1.79,4.27,121.6301,6933.969238,4461.9,14.23
2023-09-13,1.81,4.25,121.3981,6935.476074,4467.44,13.48
2023-09-14,1.8,4.29,121.5744,6959.333008,4505.1,12.82
2023-09-15,1.78,4.33,121.5361,6982.791016,4450.32,13.79
2023-09-18,1.77,4.32,121.5414,6936.083008,4453.53,14.0
2023-09-19,1.75,4.37,121.5175,6980.320801,4443.95,14.11
2023-09-20,1.73,4.35,121.32,7011.681152,4402.2,15.14
2023-09-21,1.66,4.49,121.8972,6991.46582,4330.0,17.54
2023-09-22,1.73,4.44,121.8735,7016.844238,4320.06,17.2
2023-09-25,1.75,4.55,122.4445,6998.380859,4337.44,16.9
2023-09-26,1.77,4.56,122.795,6923.799805,4273.53,18.94
2023-09-27,1.77,4.61,123.2947,6937.828125,4274.51,18.22
2023-09-29,1.78,4.59,122.6332,6939.89209,4288.05,17.52
2023-10-02,1.78,4.69,123.3573,6961.458984,4288.39,17.61
2023-10-03,1.82,4.81,124.0624,6940.887207,4229.45,19.78
2023-10-04,1.83,4.73,123.8848,6886.576172,4263.75,18.58
2023-10-05,1.85,4.72,124.1752,6874.826172,4258.19,18.49
2023-10-06,1.84,4.78,123.6561,6888.518066,4308.5,17.45
2023-10-10,1.83,4.66,123.2437,6922.187988,4358.24,17.03
2023-10-11,1.82,4.58,123.092,6931.75293,4376.95,16.09
2023-10-12,1.83,4.7,123.5087,6935.150879,4349.61,16.69
2023-10-13,1.82,4.63,123.8788,6926.779785,4327.78,19.32
2023-10-16,1.83,4.71,123.621,6896.291992,4373.63,17.21
2023-10-17,1.8,4.83,123.4334,6939.615234,4373.2,17.88
2023-10-18,1.78,4.91,124.1001,6927.905762,4314.6,19.22
2023-10-19,1.82,4.98,124.0861,6846.426758,4278.0,21.4
2023-10-20,1.88,4.93,123.9049,6849.167969,4224.16,21.71
2023-10-23,1.85,4.86,123.5935,6741.963867,4217.04,20.37
2023-10-24,1.84,4.83,123.9249,6806.762207,4247.68,18.97
2023-10-25,1.83,4.95,124.069,6834.388184,4186.77,20.19
2023-10-26,1.82,4.86,124.285,6714.519043,4137.23,20.68
2023-10-27,1.88,4.84,123.9145,6758.792969,4117.37,21.27
2023-10-30,1.86,4.88,123.7044,6735.89209,4166.82,19.75
2023-10-31,1.85,4.88,124.1229,6752.210938,4193.8,18.14
2023-11-01,1.91,4.77,124.0801,6642.417969,4237.86,16.87
2023-11-02,1.84,4.67,123.1995,6751.38623,4317.78,15.66
2023-11-03,1.86,4.57,122.1006,6788.850098,4358.34,14.91
2023-11-06,1.84,4.67,121.9692,6878.835938,4365.98,14.89
2023-11-07,1.83,4.58,122.3882,6843.790039,4378.38,14.81
2023-11-08,1.84,4.49,122.4055,6804.105957,4382.78,14.45
2023-11-09,1.83,4.62,122.4434,6838.23291,4347.35,15.29
2023-11-13,1.79,4.63,122.7389,6838.312012,4411.55,14.76
2023-11-14,1.83,4.44,121.6865,6862.055176,4495.7,14.16
2023-11-15,1.8,4.53,121.4035,6958.205078,4502.88,14.18
2023-11-16,1.81,4.45,121.4953,6958.007813,4508.24,14.32
2023-11-17,1.78,4.44,121.1657,6977.667969,4514.02,13.8
2023-11-20,1.76,4.42,120.5653,6994.888184,4547.38,13.41
2023-11-21,1.77,4.41,120.5182,6961.790039,4538.19,13.35
2023-11-22,1.71,4.42,120.9757,6906.953125,4556.62,12.85
2023-11-24,1.72,4.47,120.5285,7009.630859,4559.34,12.46
2023-11-27,1.71,4.39,120.4893,7013.405762,4550.43,12.69
2023-11-28,1.75,4.34,119.9174,7041.073242,4554.89,12.69
2023-11-29,1.72,4.27,120.1246,7036.086914,4550.58,12.98
2023-11-30,1.67,4.37,120.5421,7080.741211,4567.8,12.92
2023-12-01,1.71,4.22,120.2542,7059.905762,4594.63,12.63
2023-12-04,1.67,4.28,120.7669,7093.600098,4569.78,13.08
2023-12-05,1.65,4.18,121.0731,7100.85498,4567.18,12.85
2023-12-06,1.63,4.12,120.8348,7087.39502,4549.34,12.97
2023-12-07,1.63,4.14,120.8938,7134.623047,4585.59,13.06
2023-12-08,1.61,4.23,121.0499,7159.598145,4604.37,12.35
2023-12-11,1.61,4.23,121.2212,7088.785156,4622.44,12.63
2023-12-12,1.6,4.2,120.9825,7125.307129,4643.7,12.07
2023-12-13,1.61,4.04,121.4667,7075.34082,4707.09,12.19
2023-12-14,1.57,3.92,119.8952,7176.016113,4719.55,12.48
2023-12-15,1.57,3.91,120.062,7190.987793,4719.19,12.28
2023-12-18,1.58,3.95,120.2386,7119.524902,4740.56,12.56
2023-12-19,1.57,3.93,119.8116,7187.846191,4768.37,12.53
2023-12-20,1.63,3.86,119.8872,7219.666992,4698.35,13.67
2023-12-21,1.64,3.89,119.6721,7209.619141,4746.75,13.65
2023-12-22,1.65,3.9,119.4214,7237.519043,4754.63,13.03
2023-12-27,1.64,3.79,118.8525,7245.916016,4781.58,12.43
2023-12-28,1.62,3.84,118.762,7303.888184,4783.35,12.47
2023-12-29,1.61,3.88,118.7686,7272.796875,4769.83,12.45
2024-01-02,1.62,3.95,119.6165,7323.587891,4742.83,13.2
2024-01-03,1.66,3.91,120.0407,7279.09082,4704.81,14.04
2024-01-04,1.65,3.99,119.9775,7359.763184,4688.68,14.13
2024-01-05,1.65,4.05,119.7474,7350.619141,4697.24,13.35
2024-01-08,1.65,4.01,119.6237,7283.575195,4763.54,13.08
2024-01-09,1.63,4.02,120.0296,7200.203125,4756.5,12.76
2024-01-10,1.59,4.04,120.1258,7227.296875,4783.45,12.69
2024-01-11,1.63,3.98,120.2516,7219.963867,4780.24,12.44
2024-01-12,1.64,3.96,119.9009,7241.138184,4783.83,12.7
2024-01-16,1.65,4.07,120.9213,7242.787109,4765.98,13.84
2024-01-17,1.63,4.1,121.3823,7200.634766,4739.21,14.79
2024-01-18,1.62,4.14,121.2366,7252.966797,4780.94,14.13
2024-01-19,1.59,4.15,120.9947,7227.401855,4839.81,13.3
2024-01-22,1.59,4.11,120.9687,7247.928223,4850.43,13.19
2024-01-23,1.62,4.14,121.4244,7256.229004,4864.6,12.55
2024-01-24,1.61,4.18,120.8336,7227.823242,4868.55,13.14
2024-01-25,1.6,4.14,121.167,7178.041992,4894.16,13.45
2024-01-26,1.58,4.15,120.9665,7137.087891,4890.97,13.26
2024-01-29,1.6,4.08,121.1888,7157.174805,4927.93,13.6
2024-01-30,1.58,4.06,120.9442,7192.21582,4924.97,13.31
2024-01-31,1.61,3.99,120.7727,7207.940918,4845.65,14.35
2024-02-01,1.63,3.87,120.6832,7201.695801,4906.19,13.88
2024-02-02,1.59,4.03,121.2438,7238.785156,4958.61,13.85
2024-02-05,1.56,4.17,121.6831,7198.615234,4942.81,13.67
2024-02-06,1.58,4.09,121.3021,7247.408203,4954.23,13.06
2024-02-07,1.6,4.09,121.2518,7235.151855,4995.06,12.83
2024-02-12,1.58,4.17,121.2839,7297.668945,5021.84,13.93
2024-02-13,1.54,4.31,121.8558,7209.741211,4953.17,15.85
2024-02-15,1.57,4.24,121.5567,7303.280762,5029.73,14.01
2024-02-16,1.53,4.3,121.4984,7335.544922,5005.57,14.24
2024-02-20,1.56,4.27,121.3769,7352.601074,4975.51,15.42
2024-02-21,1.54,4.32,121.3918,7349.020996,4981.8,15.34
2024-02-22,1.49,4.33,121.4589,7339.63623,5087.03,14.54
2024-02-23,1.49,4.26,121.3991,7295.095215,5088.8,13.75
2024-02-26,1.53,4.28,121.4197,7283.823242,5069.53,13.74
2024-02-27,1.53,4.31,121.3297,7285.316895,5078.18,13.43
2024-02-28,1.55,4.27,121.4886,7328.63623,5069.76,13.84
2024-02-29,1.55,4.25,121.5385,7316.11084,5096.27,13.4
2024-03-01,1.57,4.19,121.3741,7311.907227,5137.08,13.11
2024-03-04,1.57,4.22,121.2454,7276.749023,5130.95,13.49
2024-03-05,1.59,4.13,121.2575,7247.459961,5078.65,14.46
2024-03-06,1.57,4.11,120.8481,7329.800781,5104.76,14.5
2024-03-07,1.59,4.09,120.5744,7373.963867,5157.36,14.44
2024-03-08,1.59,4.09,120.3612,7381.907227,5123.69,14.74
2024-03-13,1.55,4.19,120.3533,7421.207031,5165.31,13.75
2024-03-14,1.53,4.29,120.6272,7433.314941,5150.48,14.4
2024-03-15,1.49,4.31,120.7884,7328.054199,5117.09,14.41
2024-03-18,1.49,4.34,120.9572,7302.449219,5149.42,14.33
2024-03-19,1.5,4.3,121.3111,7336.746094,5178.51,13.82
2024-03-20,1.56,4.27,121.3092,7331.12793,5224.62,13.04
2024-03-21,1.53,4.27,121.1869,7338.353027,5241.53,12.92
2024-03-22,1.53,4.22,121.5694,7350.151855,5234.18,13.06
2024-03-25,1.53,4.25,121.4143,7377.759766,5218.19,13.19
2024-03-26,1.53,4.24,121.4613,7365.664063,5203.58,13.24
2024-03-27,1.54,4.2,121.4048,7310.091797,5248.49,12.78
2024-03-28,1.5,4.2,121.4498,7288.812988,5254.35,13.01
2024-04-01,1.49,4.33,121.8884,7205.061035,5243.77,13.65
2024-04-02,1.51,4.36,121.6881,7236.983887,5205.81,14.61
2024-04-03,1.49,4.36,121.4129,7166.844238,5211.49,14.33
2024-04-04,1.51,4.31,121.1646,7254.398926,5147.21,16.35
2024-04-05,1.49,4.39,121.3671,7286.881836,5204.34,16.03
2024-04-16,1.46,4.67,123.4732,7164.807129,5051.41,18.4
2024-04-17,1.48,4.59,123.375,7130.84082,5022.21,18.21
2024-04-18,1.47,4.64,123.3481,7166.813965,5011.12,18.0
2024-04-19,1.46,4.62,123.4459,7087.316895,4967.23,18.71
2024-04-22,1.46,4.62,123.4011,7073.819824,5010.6,16.94
2024-04-23,1.46,4.61,123.0779,7110.812988,5070.55,15.69
2024-04-24,1.48,4.65,123.2398,7174.533203,5071.63,15.97
2024-04-25,1.47,4.7,123.1916,7155.293945,5048.42,15.37
2024-04-26,1.45,4.67,123.3004,7036.075195,5099.96,15.03
2024-04-29,1.45,4.63,122.9074,7155.78418,5116.17,14.67
2024-04-30,1.44,4.69,123.3446,7234.196777,5035.69,15.65
2024-05-02,1.47,4.58,122.8047,7117.424805,5064.2,14.68
2024-05-03,1.49,4.5,122.5056,7134.724121,5127.79,13.49
2024-05-06,1.47,4.49,122.2529,7135.890137,5180.74,13.49
2024-05-07,1.45,4.47,122.4588,7123.611816,5187.7,13.23
2024-05-08,1.47,4.48,122.5562,7088.794922,5187.67,13.0
2024-05-13,1.48,4.48,122.4068,7099.26123,5221.42,13.6
2024-05-14,1.48,4.45,122.3094,7083.763184,5246.68,13.42
2024-05-15,1.49,4.36,121.7471,7179.831055,5308.15,12.45
2024-05-16,1.47,4.38,121.6189,7246.695801,5297.1,12.42
2024-05-17,1.48,4.42,121.638,7317.237793,5303.27,11.99
2024-05-20,1.47,4.44,121.6377,7266.690918,5308.13,12.15
2024-05-21,1.48,4.41,121.7864,7186.037109,5321.41,11.86
2024-05-22,1.46,4.43,121.9514,7222.381836,5307.01,12.29
2024-05-28,1.45,4.54,121.8382,7253.625977,5306.04,12.92
2024-05-29,1.47,4.61,122.5535,7140.229004,5266.95,14.28
2024-05-30,1.46,4.55,122.356,7034.14209,5235.48,14.47
2024-05-31,1.46,4.51,122.4845,6970.73584,5277.51,12.92
2024-06-03,1.47,4.41,122.7156,7036.190918,5283.4,13.11
2024-06-04,1.49,4.33,123.0715,7099.312012,5291.34,13.16
2024-06-05,1.53,4.29,122.9014,6947.669922,5354.03,12.63
2024-06-06,1.5,4.28,122.7416,6974.896973,5352.96,12.58
2024-06-07,1.46,4.43,123.8707,6897.950195,5346.99,12.22
2024-06-10,1.46,4.47,124.2232,6921.547852,5360.79,12.74
2024-06-11,1.48,4.39,124.345,6855.690918,5375.32,12.85
2024-06-12,1.48,4.31,124.1411,6850.097168,5421.03,12.04
2024-06-13,1.51,4.24,124.3287,6831.563965,5433.74,11.94
2024-06-14,1.53,4.2,124.4755,6734.832031,5431.6,12.66
2024-06-20,1.54,4.25,124.496,6819.320801,5473.17,13.28
2024-06-21,1.55,4.25,124.4247,6879.978027,5464.62,13.2
2024-06-24,1.53,4.25,124.0379,6889.165039,5447.87,13.33
2024-06-25,1.55,4.23,124.26,6882.704102,5469.3,12.84
2024-06-26,1.55,4.32,124.5696,6905.64209,5477.9,12.55
2024-06-27,1.55,4.29,124.6406,6967.951172,5482.87,12.24
2024-06-28,1.55,4.36,124.5172,7063.577148,5460.48,12.44
2024-07-01,1.55,4.48,124.7723,7139.625977,5475.09,12.22
2024-07-02,1.56,4.43,124.608,7125.14209,5509.01,12.03
2024-07-03,1.53,4.36,124.1096,7196.754883,5537.02,12.09
2024-07-05,1.56,4.28,123.8192,7253.37207,5567.19,12.48
2024-07-08,1.54,4.28,123.706,7250.977051,5572.85,12.37
2024-07-09,1.56,4.3,123.7559,7269.800781,5576.98,12.51
2024-07-10,1.56,4.28,123.5508,7287.041992,5633.91,12.85
2024-07-11,1.58,4.2,123.1267,7300.407227,5584.54,12.92
2024-07-12,1.58,4.18,122.8093,7327.580078,5615.35,12.46
2024-07-15,1.58,4.23,123.0059,7278.862793,5631.22,13.12
2024-07-16,1.56,4.17,123.1024,7224.292969,5667.2,13.19
2024-07-17,1.56,4.16,122.892,7224.217773,5588.27,14.48
2024-07-18,1.57,4.2,123.1548,7321.070801,5544.59,15.93
2024-07-19,1.57,4.25,123.5033,7294.495117,5505.0,16.52
2024-07-22,1.58,4.26,123.5735,7321.976074,5564.41,14.91
2024-07-23,1.59,4.25,123.7296,7313.856934,5555.74,14.72
2024-07-24,1.65,4.28,123.8784,7262.758789,5427.13,18.04
2024-07-25,1.62,4.27,123.8341,7240.276855,5399.22,18.46
2024-07-26,1.65,4.2,123.9862,7288.166992,5459.1,16.39
2024-07-29,1.66,4.17,124.4412,7288.896973,5463.54,16.6
2024-07-30,1.65,4.15,124.576,7241.86377,5436.44,17.69
2024-07-31,1.68,4.09,123.9223,7255.762207,5522.3,16.36
2024-08-01,1.71,3.99,124.1551,7325.984863,5446.68,18.59
2024-08-02,1.8,3.8,123.7169,7308.123047,5346.56,23.39
2024-08-05,1.85,3.78,123.7919,7059.652832,5186.33,38.57
2024-08-06,1.78,3.9,123.8794,7129.214844,5240.03,27.71
2024-08-07,1.8,3.96,123.8126,7212.130859,5199.5,27.85
2024-08-08,1.78,3.99,123.6961,7195.121094,5319.31,23.79
2024-08-09,1.77,3.94,123.1964,7256.996094,5344.16,20.37
2024-08-12,1.78,3.9,123.4942,7297.625,5344.39,20.71
2024-08-13,1.8,3.85,123.2819,7356.638184,5434.43,18.12
2024-08-14,1.74,3.83,122.7057,7436.039063,5455.21,16.19
2024-08-15,1.68,3.92,122.8791,7409.500977,5543.22,15.23
2024-08-16,1.69,3.89,122.6944,7432.089844,5554.25,14.8
2024-08-19,1.68,3.86,122.1762,7466.831055,5608.25,14.65
2024-08-20,1.69,3.82,122.0677,7533.984863,5597.12,15.88
2024-08-21,1.69,3.79,122.1407,7554.592773,5620.85,16.27
2024-08-22,1.7,3.86,122.6371,7488.675781,5570.64,17.55
2024-08-23,1.7,3.81,121.7525,7544.297852,5634.61,15.86
2024-08-26,1.7,3.82,121.9678,7606.194824,5616.84,16.15
2024-08-27,1.71,3.83,122.1318,7597.880859,5625.8,15.43
2024-08-28,1.71,3.84,122.1586,7658.875,5592.18,17.11
2024-08-29,1.69,3.87,122.4706,7627.604004,5591.96,15.65
2024-08-30,1.69,3.91,122.5582,7670.73291,5648.4,15.0
2024-09-03,1.73,3.84,123.0052,7616.520996,5528.93,20.72
2024-09-04,1.73,3.77,122.7434,7672.895996,5520.07,21.32
2024-09-05,1.73,3.73,122.6747,7681.042969,5503.41,19.9
2024-09-06,1.73,3.72,122.7145,7721.846191,5408.42,22.38
2024-09-09,1.73,3.7,122.9408,7702.73877,5471.05,19.45
2024-09-10,1.74,3.65,123.2266,7761.388184,5495.52,19.08
2024-09-11,1.75,3.65,123.0007,7760.955078,5554.13,17.69
2024-09-12,1.74,3.68,122.684,7798.153809,5595.76,17.07
2024-09-13,1.72,3.66,121.9128,7812.130859,5626.02,16.56
2024-09-17,1.68,3.65,121.8724,7831.778809,5634.58,17.61
2024-09-18,1.67,3.7,121.8295,7829.134766,5618.26,18.23
2024-09-19,1.67,3.73,121.5773,7905.390137,5713.64,16.33
2024-09-20,1.67,3.73,121.6673,7743.003906,5702.55,16.15
2024-09-23,1.65,3.75,121.687,7775.730957,5718.57,15.89
2024-09-24,1.66,3.74,121.3868,7778.491211,5732.93,15.39
2024-09-25,1.65,3.79,121.6868,7740.901855,5722.26,15.41
2024-09-26,1.65,3.79,121.3274,7744.516113,5745.37,15.37
2024-09-27,1.66,3.75,121.356,7696.916016,5738.17,16.96
2024-09-30,1.63,3.81,121.5298,7527.929199,5762.48,16.73
2024-10-01,1.65,3.74,121.9152,7642.132813,5708.75,19.26
2024-10-02,1.64,3.79,121.8154,7563.262207,5709.54,18.9
2024-10-03,1.62,3.85,122.3469,7543.828125,5699.94,20.49
2024-10-04,1.57,3.98,122.4533,7496.09082,5751.07,19.21
2024-10-07,1.54,4.03,122.6545,7504.134766,5695.94,22.64
2024-10-08,1.55,4.04,122.9111,7557.14209,5751.13,21.42
2024-10-09,1.54,4.06,123.1373,7501.285156,5792.04,20.86
2024-10-10,1.54,4.09,123.3431,7480.080078,5780.05,20.93
2024-10-11,1.54,4.08,123.2275,7520.602051,5815.03,20.46
2024-10-15,1.53,4.03,123.773,7626.951172,5815.26,20.64
2024-10-16,1.51,4.02,124.1606,7648.939941,5842.47,19.58
2024-10-17,1.53,4.09,124.3466,7735.039063,5841.47,19.11
2024-10-18,1.53,4.08,124.1511,7760.060059,5864.67,18.03
2024-10-21,1.54,4.19,124.7004,7772.596191,5853.98,18.37
2024-10-22,1.55,4.2,124.6396,7788.98291,5851.2,18.2
2024-10-23,1.54,4.24,124.9181,7787.564941,5797.42,19.24
2024-10-24,1.52,4.21,124.743,7716.548828,5809.86,19.08
2024-10-25,1.51,4.25,124.8418,7694.660156,5808.12,20.33
2024-10-28,1.51,4.28,125.0385,7634.630859,5823.52,19.8
2024-10-29,1.49,4.28,125.0952,7606.600098,5832.92,19.34
2024-10-30,1.44,4.29,125.0444,7569.850098,5813.67,20.35
2024-10-31,1.46,4.28,125.0247,7574.019043,5705.45,23.16
2024-11-01,1.46,4.37,125.0403,7505.256836,5728.8,21.88
2024-11-04,1.46,4.31,124.8168,7479.50293,5712.69,21.98
2024-11-05,1.45,4.26,124.7803,7491.931152,5782.76,20.49
2024-11-06,1.4,4.42,125.9311,7383.868164,5929.04,16.27
2024-11-07,1.44,4.31,125.016,7243.859863,5973.1,15.2
2024-11-08,1.38,4.3,125.8066,7287.190918,5995.54,14.94
2024-11-12,1.36,4.43,126.987,7321.98584,5983.99,14.71
2024-11-13,1.41,4.44,127.1591,7308.670898,5985.38,14.02
2024-11-14,1.39,4.43,127.2123,7214.561035,5949.17,14.31
2024-11-15,1.41,4.43,127.1021,7161.257813,5870.62,16.14
2024-11-18,1.42,4.42,126.8336,7134.276855,5893.62,15.58
2024-11-19,1.42,4.39,126.6361,7195.714844,5916.98,16.35
2024-11-20,1.43,4.41,127.1023,7180.334961,5917.11,17.16
2024-11-21,1.43,4.43,127.3063,7140.912109,5948.71,16.87
2024-11-22,1.43,4.41,127.6683,7195.564941,5969.34,15.24
2024-11-25,1.42,4.27,127.211,7314.10791,5987.37,14.6
2024-11-26,1.43,4.3,127.6435,7245.888184,6021.63,14.1
2024-11-29,1.44,4.18,126.8114,7114.266113,6032.38,13.51
2024-12-02,1.41,4.19,127.3499,7046.98584,6047.15,13.34
2024-12-03,1.4,4.23,127.1983,7196.01709,6049.88,13.3
2024-12-04,1.39,4.19,126.9956,7326.76416,6086.49,13.45
2024-12-05,1.4,4.17,126.6638,7313.312988,6075.11,13.54
2024-12-06,1.42,4.15,126.9271,7382.785156,6090.27,12.77
2024-12-09,1.42,4.2,126.8394,7437.730957,6052.85,14.19
2024-12-10,1.41,4.22,127.1884,7453.287109,6034.91,14.18
2024-12-11,1.42,4.26,127.095,7464.751953,6084.19,13.58
2024-12-12,1.44,4.32,127.2039,7394.237793,6051.25,13.92
2024-12-13,1.42,4.4,127.5569,7324.789063,6051.09,13.81
2024-12-16,1.42,4.39,127.5235,7258.630859,6074.08,14.69
2024-12-17,1.39,4.4,127.7565,7157.731934,6050.61,15.87
2024-12-18,1.37,4.5,127.8936,7107.875,5872.16,27.62
2024-12-19,1.4,4.57,128.8598,6977.237793,5867.08,24.09
2024-12-20,1.43,4.52,128.1411,6983.865234,5930.85,18.36
2024-12-23,1.42,4.59,128.5356,7096.444824,5974.07,16.78
2024-12-24,1.39,4.59,128.5651,7065.746094,6040.04,14.27
2024-12-27,1.4,4.62,128.6972,7036.570801,5970.84,15.95
2024-12-30,1.43,4.55,129.0474,7079.904785,5906.94,17.4
2025-01-02,1.45,4.57,129.6666,7163.205078,5868.55,17.93
2025-01-03,1.44,4.6,129.6721,7164.429199,5942.47,16.13
2025-01-06,1.44,4.62,128.7878,7080.474121,5975.38,16.04
2025-01-07,1.47,4.67,128.8574,7083.28418,5909.03,17.82
2025-01-08,1.48,4.67,129.3038,7080.352051,5918.25,17.7
2025-01-10,1.42,4.77,130.0513,7088.866211,5827.04,19.54
2025-01-13,1.44,4.79,130.2142,7016.878906,5836.22,19.19
2025-01-14,1.44,4.78,129.5812,6956.665039,5842.91,18.71
2025-01-15,1.44,4.66,129.4107,7079.562012,5949.91,16.12
2025-01-16,1.46,4.61,129.6284,7107.519043,5937.34,16.6
2025-01-17,1.46,4.61,129.6771,7154.658203,5996.66,15.97
2025-01-21,1.46,4.57,128.61,7181.819824,6049.24,15.06
2025-01-22,1.43,4.6,128.5428,7257.12793,6086.37,15.1
2025-01-23,1.43,4.65,128.4336,7232.643066,6118.71,15.02
2025-01-24,1.43,4.63,127.6833,7166.056152,6101.24,14.85
2025-01-30,1.45,4.52,128.2958,7073.478027,6071.17,15.84
2025-01-31,1.45,4.58,128.6686,7109.195801,6040.53,16.43
2025-02-03,1.46,4.54,129.2815,7030.058105,5994.57,18.62
2025-02-04,1.46,4.52,128.2993,7073.458984,6037.88,17.21
2025-02-05,1.45,4.43,128.1725,7024.228027,6061.48,15.77
2025-02-06,1.44,4.45,128.3958,6875.536133,6083.57,15.5
2025-02-07,1.45,4.49,128.6144,6742.576172,6025.99,16.54
2025-02-10,1.45,4.51,128.8215,6648.14209,6066.44,15.81
2025-02-11,1.46,4.54,128.629,6531.990234,6068.5,16.02
2025-02-12,1.45,4.62,128.5321,6645.777832,6051.97,15.89
2025-02-13,1.44,4.52,128.0821,6613.567871,6115.07,15.1
2025-02-14,1.46,4.47,127.3505,6638.458984,6114.63,14.77
2025-02-18,1.44,4.55,127.501,6873.554199,6129.58,15.35
2025-02-19,1.46,4.53,127.9207,6794.868164,6144.15,15.27
2025-02-20,1.47,4.5,127.3057,6788.041992,6117.52,15.66
2025-02-21,1.49,4.42,127.3285,6803.000977,6013.13,18.21
2025-02-24,1.48,4.4,127.3749,6749.601074,5983.25,18.98
2025-02-25,1.5,4.3,127.5544,6587.086914,5955.25,19.43
2025-02-26,1.51,4.25,127.4762,6606.178223,5956.06,19.1
2025-02-27,1.52,4.29,128.1589,6485.448242,5861.57,21.13
2025-02-28,1.57,4.24,128.4646,6270.597168,5954.5,19.63
2025-03-03,1.61,4.16,127.9558,6519.658203,5849.72,22.78
2025-03-04,1.61,4.22,128.1864,6380.400879,5778.15,23.51
2025-03-05,1.57,4.28,126.7441,6531.398926,5842.63,21.93
2025-03-06,1.59,4.29,126.3526,6617.847168,5738.52,24.87
2025-03-07,1.61,4.32,126.2243,6636.0,5770.2,23.37
2025-03-10,1.64,4.22,126.5199,6598.211914,5614.56,27.86
2025-03-11,1.68,4.28,126.2896,6545.850098,5572.07,26.92
2025-03-12,1.65,4.32,126.1251,6665.044922,5599.3,24.23
2025-03-13,1.7,4.27,126.2551,6647.416992,5521.52,24.66
2025-03-14,1.65,4.31,125.9538,6515.630859,5638.94,21.77
2025-03-17,1.63,4.31,125.6291,6471.946777,5675.12,20.51
2025-03-18,1.63,4.29,125.7402,6223.388184,5614.66,21.7
2025-03-19,1.64,4.25,126.0515,6311.660156,5675.29,19.9
2025-03-20,1.64,4.24,126.237,6381.673828,5662.89,19.8
2025-03-21,1.68,4.25,126.509,6258.179199,5667.56,19.28
2025-03-24,1.64,4.34,126.4403,6161.217773,5767.57,17.48
2025-03-25,1.66,4.31,126.3075,6235.619141,5776.65,17.15
2025-03-26,1.66,4.35,126.4839,6472.355957,5712.2,18.33
2025-03-27,1.68,4.38,126.6098,6510.620117,5693.31,18.69
2025-04-08,2.0,4.26,127.1122,5996.14209,4982.77,52.33
2025-04-09,2.02,4.34,126.8819,5967.987793,5456.9,33.62
2025-04-10,1.97,4.4,125.3694,6254.023926,5268.05,40.72
2025-04-11,1.9,4.48,124.3156,6262.226074,5363.36,37.56
2025-04-14,1.9,4.38,123.9908,6368.51709,5405.97,30.89
2025-04-15,1.9,4.35,124.1129,6441.683105,5396.63,30.12
2025-04-16,1.92,4.29,123.6167,6400.054199,5275.7,32.64
2025-04-17,1.92,4.34,123.4733,6438.269043,5282.7,29.65
2025-04-21,1.96,4.42,122.677,6445.966797,5158.2,33.82
2025-04-22,1.93,4.41,122.7879,6538.266113,5287.76,30.57
2025-04-23,1.86,4.4,123.375,6634.376953,5375.86,28.45
2025-04-24,1.86,4.32,123.285,6613.478027,5484.77,26.47
2025-04-25,1.84,4.29,123.2454,6678.915039,5525.21,24.84
2025-04-28,1.87,4.23,123.0856,6722.96582,5528.75,25.15
2025-04-29,1.88,4.19,122.9514,6749.075195,5560.83,24.17
2025-04-30,1.96,4.17,122.944,6766.794922,5569.06,24.7
2025-05-02,1.9,4.33,122.859,6815.72998,5686.67,22.68
2025-05-05,1.91,4.36,122.6335,6831.952148,5650.38,23.64
2025-05-06,1.95,4.3,122.3907,6898.196777,5606.91,24.76
2025-05-07,1.95,4.26,122.4652,6926.225098,5631.28,23.55
2025-05-08,1.89,4.37,123.1019,6827.75,5663.94,22.48
2025-05-09,1.89,4.37,122.879,6832.803223,5659.91,21.9
2025-05-14,1.8,4.53,123.0145,6979.879883,5892.58,18.62
2025-05-15,1.83,4.45,123.1492,7040.161133,5916.93,17.83
2025-05-16,1.82,4.43,123.3969,7106.525879,5958.38,17.24
2025-05-19,1.84,4.46,122.7649,7141.09082,5963.6,18.14
2025-05-20,1.82,4.48,122.673,7094.602051,5940.46,18.09
2025-05-21,1.85,4.58,122.1012,7142.460938,5844.61,20.87
2025-05-22,1.87,4.54,122.3865,7166.980957,5842.01,20.28
2025-05-23,1.88,4.51,121.7283,7214.163086,5802.82,22.29
2025-05-27,1.84,4.43,121.9634,7198.966797,5921.54,18.96
2025-05-28,1.83,4.47,122.3295,7175.818848,5888.55,19.31
2025-06-02,1.84,4.46,121.549,7065.068848,5935.94,18.36
2025-06-03,1.81,4.46,121.808,7044.821777,5970.37,17.69
2025-06-04,1.8,4.37,121.4093,7069.037109,5970.81,17.61
2025-06-05,1.77,4.4,121.3178,7113.424805,5939.3,18.48
2025-06-10,1.71,4.47,121.4134,7230.745117,6038.81,16.95
2025-06-11,1.74,4.41,120.9763,7222.456055,6022.24,17.26
2025-06-12,1.73,4.36,120.565,7204.370117,6045.26,18.02
2025-06-13,1.75,4.41,120.7131,7166.064941,5976.97,20.82
2025-06-16,1.74,4.46,120.5449,7117.59082,6033.11,19.11
2025-06-17,1.74,4.39,120.8862,7155.852051,5982.72,21.6
2025-06-18,1.77,4.38,121.1093,7107.789063,5980.87,20.14
2025-06-20,1.76,4.38,121.411,6907.138184,5967.84,20.62
2025-06-23,1.77,4.34,121.5412,6787.140137,6025.17,19.83
2025-06-24,1.78,4.3,120.7549,6869.170898,6092.18,17.48
2025-06-25,1.79,4.29,120.7333,6832.143066,6092.16,16.76
2025-06-26,1.8,4.26,120.0587,6897.399902,6141.02,16.59
2025-06-30,1.75,4.24,119.8269,6927.679199,6204.95,16.73
2025-07-01,1.72,4.26,119.7678,6915.359863,6198.01,16.83
2025-07-02,1.7,4.3,119.7289,6881.245117,6227.42,16.64
2025-07-03,1.67,4.35,119.6678,6878.050781,6279.35,16.38
2025-07-07,1.71,4.4,120.0481,6900.932129,6229.98,17.79
2025-07-08,1.71,4.42,120.2589,6904.39209,6225.52,16.81
2025-07-09,1.73,4.34,120.1608,6943.921875,6263.26,15.94
2025-07-10,1.7,4.35,120.253,7005.371094,6280.46,15.78
2025-07-11,1.72,4.43,120.3354,7047.437988,6259.75,16.4
2025-07-14,1.73,4.43,120.6252,7097.150879,6268.56,17.2
2025-07-15,1.7,4.5,120.9095,7140.474121,6243.76,17.38
2025-07-16,1.73,4.46,120.8232,7192.018066,6263.7,17.16
2025-07-17,1.71,4.47,121.0417,7287.020996,6297.36,16.52
2025-07-18,1.73,4.44,120.7674,7311.915039,6296.79,16.41
2025-07-21,1.73,4.38,120.4157,7398.191895,6305.6,16.65
2025-07-22,1.73,4.35,120.1036,7344.73584,6309.62,16.5
2025-07-23,1.71,4.4,119.9888,7469.22998,6358.91,15.37
2025-07-24,1.68,4.43,119.9892,7530.901855,6363.35,15.39
2025-07-25,1.69,4.4,120.4082,7543.50293,6388.64,14.93
2025-07-28,1.69,4.42,121.0228,7614.768066,6389.77,15.03
2025-07-29,1.7,4.34,121.3652,7617.907227,6370.86,15.98
2025-07-30,1.69,4.38,121.7944,7549.888184,6362.9,15.48
2025-07-31,1.67,4.37,122.1088,7484.336914,6339.39,16.72
2025-08-01,1.75,4.23,121.6148,7537.768066,6238.01,20.38
2025-08-04,1.74,4.22,121.3757,7464.64502,6329.94,17.52
2025-08-05,1.72,4.22,121.3068,7515.185059,6299.19,17.85
2025-08-06,1.75,4.22,120.9198,7503.75,6345.06,16.77
2025-08-07,1.74,4.23,120.9142,7490.183105,6340.0,16.57
2025-08-08,1.74,4.27,120.7562,7533.384766,6389.45,15.15
2025-08-11,1.72,4.27,121.1021,7605.924805,6373.45,16.25
2025-08-12,1.73,4.29,120.6964,7791.696777,6445.76,14.73
2025-08-13,1.71,4.24,120.5533,7892.911133,6466.58,14.49
2025-08-14,1.71,4.29,121.0518,7931.250977,6468.54,14.83
2025-08-15,1.69,4.33,120.7606,7898.375,6449.8,15.09
2025-08-19,1.71,4.3,121.137,7862.949219,6411.37,15.57
2025-08-20,1.73,4.29,121.1828,7943.825195,6395.78,15.69
2025-08-21,1.72,4.33,121.485,7890.714844,6370.17,16.6
2025-08-22,1.73,4.26,120.6974,7858.851074,6466.91,14.22
2025-08-25,1.7,4.28,120.8298,7926.907227,6439.32,14.79
2025-08-26,1.75,4.26,120.9304,7905.756836,6465.94,14.62
2025-08-27,1.77,4.24,121.1236,7936.175781,6481.4,14.85
2025-08-28,1.75,4.22,120.6537,7952.087891,6501.86,14.43
2025-08-29,1.8,4.23,120.6028,7830.493164,6460.26,15.36
2025-09-02,1.81,4.28,121.0716,7801.584961,6415.54,17.17
2025-09-03,1.78,4.22,120.9032,7885.862793,6448.26,16.35
2025-09-04,1.8,4.17,121.1565,7867.348145,6502.08,15.3
2025-09-08,1.76,4.05,120.5152,7766.849121,6495.15,15.11
2025-09-09,1.75,4.08,120.5746,7628.60498,6512.61,15.04
2025-09-10,1.75,4.04,120.5447,7699.006836,6532.04,15.35
2025-09-11,1.74,4.01,120.381,7747.904785,6587.47,14.71
2025-09-12,1.7,4.06,120.4905,7854.060059,6584.29,14.76
2025-09-15,1.68,4.05,120.0042,7937.118164,6615.28,15.69
2025-09-16,1.69,4.04,119.586,7957.695801,6606.76,16.36
2025-09-17,1.7,4.06,119.6063,8025.179199,6600.35,15.72
2025-09-18,1.68,4.11,120.0986,8008.433105,6631.96,15.7
2025-09-19,1.68,4.14,120.2166,8051.118164,6664.36,15.45
2025-09-22,1.67,4.15,120.2461,8040.039063,6693.75,16.1
2025-09-23,1.69,4.12,120.0568,8125.201172,6656.92,16.64
2025-09-24,1.68,4.16,120.6024,8126.558105,6637.97,16.18
2025-09-25,1.67,4.18,120.9635,8040.665039,6604.72,16.74
2025-09-26,1.65,4.2,120.8615,8099.333008,6643.7,15.29
2025-09-29,1.64,4.15,120.5403,8123.245117,6661.21,16.12
2025-09-30,1.67,4.16,120.5624,8061.062012,6688.46,16.28
2025-10-01,1.69,4.12,120.5782,8043.821777,6711.2,16.29
2025-10-02,1.68,4.1,120.844,8071.081055,6715.35,16.63
2025-10-03,1.66,4.13,120.5163,8118.300781,6715.79,16.65
2025-10-06,1.65,4.18,120.7028,8139.894043,6740.28,16.37
2025-10-07,1.67,4.14,120.9097,8169.280762,6714.59,17.24
2025-10-08,1.68,4.13,121.1884,8166.028809,6753.72,16.3
2025-10-09,1.69,4.14,121.4965,8250.938477,6735.11,16.43
2025-10-10,1.72,4.05,121.5217,8257.859375,6552.51,21.66
2025-10-14,1.71,4.03,121.5815,8066.521973,6644.31,20.81
2025-10-15,1.68,4.05,121.2669,8051.174805,6671.06,20.64
2025-10-16,1.71,3.99,121.0834,8124.756836,6629.07,25.31
2025-10-17,1.7,4.02,121.1218,7915.655762,6664.01,20.78
2025-10-20,1.68,4.0,121.0394,8088.978027,6735.13,18.23
2025-10-21,1.67,3.98,121.302,8238.083984,6735.35,17.87
2025-10-22,1.69,3.97,121.3075,8152.553223,6699.4,18.6
2025-10-23,1.66,4.01,121.3633,8274.351563,6738.44,17.3
2025-10-24,1.65,4.02,121.342,8271.72168,6791.69,16.37
2025-10-27,1.63,4.01,121.2002,8117.150879,6875.16,15.79
2025-10-28,1.65,3.99,121.0349,8092.628906,6890.89,16.42
2025-10-29,1.61,4.08,120.929,8166.224121,6890.59,16.92
2025-10-30,1.64,4.11,121.665,8184.063965,6822.34,16.91
2025-10-31,1.69,4.11,121.7715,8163.875,6840.2,17.44
2025-11-03,1.71,4.13,121.8422,8275.083984,6851.97,17.17
2025-11-04,1.72,4.1,122.2066,8241.911133,6771.55,19.0
2025-11-05,1.7,4.17,122.2295,8318.526367,6796.29,18.01
2025-11-06,1.72,4.11,122.0788,8337.057617,6720.32,19.5
2025-11-07,1.75,4.11,121.7835,8394.589844,6728.8,19.08
2025-11-10,1.73,4.13,121.6932,8391.240234,6832.43,17.6
2025-11-12,1.75,4.08,121.4459,8388.566406,6850.92,17.51
2025-11-13,1.77,4.11,121.1756,8371.999023,6737.49,20.0
2025-11-14,1.77,4.14,121.363,8370.435547,6734.11,19.83
2025-11-17,1.77,4.13,121.5131,8416.881836,6672.41,22.38
2025-11-18,1.79,4.12,121.6042,8361.925781,6617.32,24.69
2025-11-19,1.79,4.13,121.8845,8406.577148,6642.16,23.66
2025-11-20,1.8,4.1,122.0735,8419.916992,6538.76,26.42
2025-11-21,1.82,4.06,122.235,8414.351563,6602.99,23.43
2025-11-24,1.8,4.04,122.2833,8570.253906,6705.12,20.52
2025-11-25,1.79,4.01,122.0044,8521.884766,6765.88,18.56
2025-11-26,1.78,4.0,121.6225,8602.129883,6812.61,17.19
2025-11-28,1.78,4.02,121.4288,8508.706055,6849.09,16.35
2025-12-01,1.78,4.09,121.3615,8548.788086,6812.63,17.24
2025-12-02,1.76,4.09,121.5149,8617.042969,6829.37,16.59
2025-12-03,1.77,4.06,121.1131,8611.787109,6849.72,16.08
2025-12-04,1.76,4.11,121.0614,8640.196289,6857.12,15.78
2025-12-05,1.74,4.14,121.0615,8632.760742,6870.4,15.41
2025-12-08,1.73,4.17,121.1478,8710.695313,6846.51,16.66
2025-12-09,1.73,4.18,121.0601,8657.178711,6840.51,16.93
2025-12-10,1.76,4.13,121.0557,8700.923828,6886.68,15.77
2025-12-11,1.73,4.14,120.3821,8620.481445,6901.0,14.85
2025-12-12,1.76,4.19,120.5383,8660.499023,6827.41,15.74
2025-12-15,1.77,4.18,120.3501,8649.662109,6816.51,16.5
2025-12-16,1.78,4.15,120.283,8686.46875,6800.26,16.48
2025-12-17,1.78,4.16,120.5451,8677.344727,6721.43,17.62
2025-12-18,1.78,4.12,120.4409,8618.195313,6774.76,16.87
2025-12-19,1.76,4.16,120.5571,8609.550781,6834.5,14.91
2025-12-22,1.76,4.17,120.3816,8645.84375,6878.49,14.08
2025-12-23,1.74,4.18,120.098,8584.782227,6909.79,14.0
2025-12-24,1.73,4.15,119.8262,8537.911133,6932.05,13.47
2025-12-29,1.76,4.12,119.9679,8644.255859,6905.74,14.2
2025-12-30,1.75,4.14,119.8754,8646.938477,6896.24,14.33
2026-01-02,1.74,4.19,119.9876,8748.131836,6858.47,14.51
2026-01-05,1.75,4.17,120.0032,8859.191406,6902.05,14.9
2026-01-06,1.74,4.18,120.1587,8933.609375,6944.82,14.75
2026-01-07,1.73,4.15,120.2573,8944.813477,6920.93,15.38
2026-01-08,1.73,4.19,120.4604,8925.470703,6921.46,15.45
2026-01-09,1.7,4.18,120.5856,8936.753906,6966.28,14.49
2026-01-12,1.7,4.19,120.3658,8884.722656,6977.27,15.12
2026-01-13,1.69,4.18,120.5098,8948.302734,6963.74,15.98
2026-01-14,1.68,4.15,120.3239,9032.583984,6926.6,16.75
2026-01-15,1.65,4.17,120.3629,9075.40625,6944.47,15.84
2026-01-20,1.65,4.3,119.8255,9134.700195,6796.86,20.09
2026-01-21,1.62,4.26,119.724,9010.330078,6875.62,16.9
2026-01-22,1.59,4.26,119.5823,8992.182617,6913.35,15.64
2026-01-23,1.61,4.24,119.2855,8951.009766,6915.61,16.09
